A,2023-07-14,0.3
A,2023-07-13,-0.5
A,2023-07-12,1.3
A,2023-07-11,0.1
A,2023-07-10,1.2
A,2023-07-07,-1.2
A,2023-07-06,-0.9
A,2023-07-05,0.2
A,2023-07-03,-0.8
A,2023-06-30,1.9
A,2023-06-29,1.4
A,2023-06-28,-0.6
A,2023-06-27,-1.1
A,2023-06-26,-0.9
A,2023-06-23,0.6
A,2023-06-22,0.3
A,2023-06-21,0.1
A,2023-06-20,-2.5
A,2023-06-16,-0.1
AA,2023-07-14,-5.9
AA,2023-07-13,4.7
AA,2023-07-12,1.0
AA,2023-07-11,1.6
AA,2023-07-10,0.1
AA,2023-07-07,4.8
AA,2023-07-06,-3.4
AA,2023-07-05,-1.7
AA,2023-07-03,1.0
AA,2023-06-30,0.5
AA,2023-06-29,0.3
AA,2023-06-28,-2.2
AA,2023-06-27,4.4
AA,2023-06-26,0.5
AA,2023-06-23,-1.7
AA,2023-06-22,-4.3
AA,2023-06-21,2.0
AA,2023-06-20,-3.9
AA,2023-06-16,-1.0
AAL,2023-07-14,-1.7
AAL,2023-07-13,-0.6
AAL,2023-07-12,-1.2
AAL,2023-07-11,1.2
AAL,2023-07-10,1.2
AAL,2023-07-07,2.6
AAL,2023-07-06,-2.4
AAL,2023-07-05,1.2
AAL,2023-07-03,0.9
AAL,2023-06-30,1.9
AAL,2023-06-29,0.3
AAL,2023-06-28,1.2
AAL,2023-06-27,5.5
AAL,2023-06-26,1.1
AAL,2023-06-23,-0.6
AAL,2023-06-22,0.4
AAL,2023-06-21,-0.1
AAL,2023-06-20,-1.0
AAL,2023-06-16,-1.0
AAP,2023-07-14,-0.0
AAP,2023-07-13,-0.1
AAP,2023-07-12,0.9
AAP,2023-07-11,1.9
AAP,2023-07-10,-0.8
AAP,2023-07-07,-0.8
AAP,2023-07-06,-1.7
AAP,2023-07-05,0.3
AAP,2023-07-03,0.9
AAP,2023-06-30,3.0
AAP,2023-06-29,0.2
AAP,2023-06-28,-0.4
AAP,2023-06-27,1.5
AAP,2023-06-26,2.5
AAP,2023-06-23,-3.4
AAP,2023-06-22,-1.1
AAP,2023-06-21,1.1
AAP,2023-06-20,-1.8
AAP,2023-06-16,-1.0
AAPL,2023-07-14,0.1
AAPL,2023-07-13,0.4
AAPL,2023-07-12,0.9
AAPL,2023-07-11,-0.3
AAPL,2023-07-10,-1.1
AAPL,2023-07-07,-0.6
AAPL,2023-07-06,0.3
AAPL,2023-07-05,-0.6
AAPL,2023-07-03,-0.8
AAPL,2023-06-30,2.3
AAPL,2023-06-29,0.2
AAPL,2023-06-28,0.6
AAPL,2023-06-27,1.5
AAPL,2023-06-26,-0.8
AAPL,2023-06-23,-0.2
AAPL,2023-06-22,1.7
AAPL,2023-06-21,-0.6
AAPL,2023-06-20,0.0
AAPL,2023-06-16,-0.6
ABBV,2023-07-14,1.8
ABBV,2023-07-13,-1.0
ABBV,2023-07-12,-0.4
ABBV,2023-07-11,0.8
ABBV,2023-07-10,-0.7
ABBV,2023-07-07,-1.3
ABBV,2023-07-06,-0.3
ABBV,2023-07-05,1.9
ABBV,2023-07-03,0.2
ABBV,2023-06-30,1.1
ABBV,2023-06-29,0.5
ABBV,2023-06-28,-0.1
ABBV,2023-06-27,-1.7
ABBV,2023-06-26,-0.7
ABBV,2023-06-23,-1.1
ABBV,2023-06-22,0.4
ABBV,2023-06-21,-0.7
ABBV,2023-06-20,-0.6
ABBV,2023-06-16,2.0
ABC,2023-07-14,0.1
ABC,2023-07-13,0.3
ABC,2023-07-12,-1.3
ABC,2023-07-11,0.2
ABC,2023-07-10,1.0
ABC,2023-07-07,-0.7
ABC,2023-07-06,0.8
ABC,2023-07-05,-0.1
ABC,2023-07-03,-0.8
ABC,2023-06-30,1.0
ABC,2023-06-29,0.4
ABC,2023-06-28,0.5
ABC,2023-06-27,0.5
ABC,2023-06-26,0.0
ABC,2023-06-23,-0.1
ABC,2023-06-22,1.1
ABC,2023-06-21,0.7
ABC,2023-06-20,0.8
ABC,2023-06-16,0.6
ABCB,2023-07-14,-1.9
ABCB,2023-07-13,2.7
ABCB,2023-07-12,3.5
ABCB,2023-07-11,1.5
ABCB,2023-07-10,0.2
ABCB,2023-07-07,2.2
ABCB,2023-07-06,-1.6
ABCB,2023-07-05,-2.2
ABCB,2023-07-03,2.3
ABCB,2023-06-30,-0.6
ABCB,2023-06-29,1.0
ABCB,2023-06-28,-0.9
ABCB,2023-06-27,1.2
ABCL,2023-07-14,-3.5
ABCL,2023-07-13,-1.7
ABCL,2023-07-12,11.9
ABCL,2023-07-11,-0.6
ABCL,2023-07-10,4.3
ABCL,2023-07-07,2.2
ABCL,2023-07-06,-2.3
ABCL,2023-07-05,-1.1
ABCL,2023-07-03,2.0
ABCL,2023-06-30,-1.8
ABCL,2023-06-29,-0.5
ABCL,2023-06-28,4.1
ABCL,2023-06-27,-8.1
ABCL,2023-06-26,-5.5
ABCL,2023-06-23,1.5
ABCL,2023-06-22,-0.8
ABCL,2023-06-21,-3.3
ABCL,2023-06-20,-0.9
ABCL,2023-06-16,1.3
ABNB,2023-07-14,2.3
ABNB,2023-07-13,2.2
ABNB,2023-07-12,-0.4
ABNB,2023-07-11,4.4
ABNB,2023-07-10,1.1
ABNB,2023-07-07,1.7
ABNB,2023-07-06,-2.7
ABNB,2023-07-05,-0.5
ABNB,2023-07-03,3.3
ABNB,2023-06-30,2.4
ABNB,2023-06-29,-2.0
ABNB,2023-06-28,-0.2
ABNB,2023-06-27,3.9
ABNB,2023-06-26,-1.3
ABNB,2023-06-23,-2.5
ABNB,2023-06-22,0.4
ABNB,2023-06-21,0.8
ABNB,2023-06-20,-1.7
ABNB,2023-06-16,0.6
ABT,2023-07-14,0.2
ABT,2023-07-13,0.8
ABT,2023-07-12,-0.6
ABT,2023-07-11,0.4
ABT,2023-07-10,0.6
ABT,2023-07-07,-0.8
ABT,2023-07-06,-0.2
ABT,2023-07-05,0.1
ABT,2023-07-03,-1.7
ABT,2023-06-30,1.3
ABT,2023-06-29,0.0
ABT,2023-06-28,-0.2
ABT,2023-06-27,-0.7
ABT,2023-06-26,0.4
ABT,2023-06-23,-0.2
ABT,2023-06-22,1.9
ABT,2023-06-21,-0.4
ABT,2023-06-20,0.5
ABT,2023-06-16,1.1
ACAD,2023-07-14,24.7
ACAD,2023-07-13,-0.2
ACAD,2023-07-12,4.0
ACAD,2023-07-11,0.4
ACAD,2023-07-10,1.5
ACAD,2023-07-07,0.7
ACAD,2023-07-06,0.3
ACAD,2023-07-05,0.7
ACAD,2023-07-03,0.2
ACAD,2023-06-30,-0.2
ACAD,2023-06-29,-0.7
ACAD,2023-06-28,-0.2
ACAD,2023-06-27,1.5
ACAD,2023-06-26,-2.7
ACAD,2023-06-23,2.0
ACAD,2023-06-22,-0.2
ACAD,2023-06-21,1.0
ACAD,2023-06-20,-1.0
ACAD,2023-06-16,-1.3
ACCD,2023-06-23,-1.2
ACCD,2023-06-22,-2.7
ACCD,2023-06-21,-2.2
ACCD,2023-06-20,-1.1
ACCD,2023-06-16,-1.4
ACDC,2023-07-14,-2.1
ACDC,2023-07-13,0.2
ACDC,2023-07-12,1.3
ACDC,2023-07-11,0.6
ACDC,2023-07-10,0.7
ACDC,2023-07-07,10.7
ACDC,2023-07-06,-2.2
ACDC,2023-07-05,-1.1
ACDC,2023-07-03,2.4
ACDC,2023-06-30,-2.7
ACDC,2023-06-29,-2.9
ACDC,2023-06-28,1.3
ACDC,2023-06-27,-0.3
ACDC,2023-06-26,0.0
ACDC,2023-06-23,-0.6
ACDC,2023-06-22,-3.7
ACDC,2023-06-21,-3.3
ACDC,2023-06-20,-6.6
ACDC,2023-06-16,-1.4
ACGL,2023-07-14,0.2
ACGL,2023-07-13,0.7
ACGL,2023-07-12,0.6
ACGL,2023-07-11,1.6
ACGL,2023-07-10,-0.1
ACGL,2023-07-07,1.2
ACGL,2023-07-06,0.3
ACGL,2023-07-05,-0.5
ACGL,2023-07-03,-1.1
ACGL,2023-06-30,2.5
ACGL,2023-06-29,1.9
ACGL,2023-06-28,0.8
ACGL,2023-06-27,-0.1
ACGL,2023-06-26,-1.6
ACGL,2023-06-23,-0.3
ACGL,2023-06-22,1.2
ACGL,2023-06-21,1.4
ACGL,2023-06-20,-0.5
ACGL,2023-06-16,1.4
ACHC,2023-07-14,4.3
ACHC,2023-07-13,-3.7
ACHC,2023-07-12,-5.1
ACHC,2023-07-11,-0.6
ACHC,2023-07-10,3.5
ACHC,2023-07-07,0.4
ACHC,2023-07-06,-1.5
ACHC,2023-07-05,-1.9
ACHC,2023-07-03,-0.6
ACHC,2023-06-30,-0.1
ACHC,2023-06-29,0.5
ACHC,2023-06-28,0.4
ACHC,2023-06-27,3.3
ACHC,2023-06-26,1.0
ACHC,2023-06-23,-1.5
ACHC,2023-06-22,2.8
ACHC,2023-06-21,2.6
ACHC,2023-06-20,-0.3
ACHC,2023-06-16,-0.4
ACHR,2023-07-14,-3.9
ACHR,2023-07-13,3.4
ACHR,2023-07-12,10.0
ACHR,2023-07-11,-7.2
ACHR,2023-07-10,3.2
ACHR,2023-07-07,8.6
ACHR,2023-07-06,-11.1
ACI,2023-07-14,-0.9
ACI,2023-07-13,-0.2
ACI,2023-07-12,0.3
ACI,2023-07-11,0.5
ACI,2023-07-10,0.5
ACI,2023-07-07,1.3
ACI,2023-07-06,-1.1
ACI,2023-07-05,-0.3
ACI,2023-07-03,0.4
ACI,2023-06-30,-0.4
ACI,2023-06-29,0.9
ACI,2023-06-28,0.1
ACI,2023-06-27,0.1
ACI,2023-06-26,1.0
ACI,2023-06-23,-0.5
ACI,2023-06-22,0.7
ACI,2023-06-21,-0.0
ACI,2023-06-20,0.3
ACI,2023-06-16,0.6
ACIW,2023-07-14,-0.5
ACIW,2023-07-13,1.8
ACIW,2023-07-12,5.3
ACIW,2023-07-11,0.8
ACIW,2023-07-10,-1.7
ACIW,2023-07-07,0.4
ACIW,2023-07-06,-1.3
ACIW,2023-07-05,-1.2
ACIW,2023-07-03,0.6
ACIW,2023-06-30,-0.0
ACIW,2023-06-29,3.3
ACIW,2023-06-28,2.2
ACIW,2023-06-27,1.9
ACIW,2023-06-26,-0.4
ACIW,2023-06-23,-1.3
ACIW,2023-06-22,-0.2
ACIW,2023-06-21,-2.4
ACIW,2023-06-20,-1.8
ACIW,2023-06-16,-1.0
ACLS,2023-07-14,-1.2
ACLS,2023-07-13,3.8
ACLS,2023-07-12,0.7
ACLS,2023-07-11,-2.1
ACLS,2023-07-10,2.8
ACLS,2023-07-07,0.0
ACLS,2023-07-06,-3.1
ACLS,2023-07-05,-1.7
ACLS,2023-07-03,-0.9
ACLS,2023-06-30,2.4
ACLS,2023-06-29,2.5
ACLS,2023-06-28,0.3
ACLS,2023-06-27,3.5
ACLS,2023-06-26,-0.1
ACLS,2023-06-23,-0.9
ACLS,2023-06-22,2.5
ACLS,2023-06-21,-0.3
ACLS,2023-06-20,-1.6
ACLS,2023-06-16,-1.1
ACLX,2023-07-14,-2.2
ACLX,2023-07-13,1.8
ACLX,2023-07-12,1.1
ACLX,2023-07-11,-2.1
ACLX,2023-07-10,4.7
ACLX,2023-07-07,0.3
ACLX,2023-07-06,0.1
ACLX,2023-07-05,2.3
ACLX,2023-07-03,-0.3
ACLX,2023-06-30,1.4
ACLX,2023-06-29,-1.1
ACLX,2023-06-28,-1.5
ACLX,2023-06-27,-0.2
ACLX,2023-06-26,-3.6
ACLX,2023-06-23,-1.3
ACLX,2023-06-22,1.9
ACLX,2023-06-21,-0.5
ACLX,2023-06-20,-7.2
ACLX,2023-06-16,-3.3
ACM,2023-07-14,-1.1
ACM,2023-07-13,0.8
ACM,2023-07-12,-0.5
ACM,2023-07-11,0.9
ACM,2023-07-10,0.8
ACM,2023-07-07,0.4
ACM,2023-07-06,0.4
ACM,2023-07-05,-0.7
ACM,2023-07-03,1.2
ACM,2023-06-30,-0.1
ACM,2023-06-29,2.0
ACM,2023-06-28,-3.0
ACM,2023-06-27,0.7
ACM,2023-06-26,0.1
ACM,2023-06-23,-0.6
ACM,2023-06-22,-1.2
ACM,2023-06-21,0.2
ACM,2023-06-20,-0.3
ACM,2023-06-16,0.4
ACN,2023-07-14,0.2
ACN,2023-07-13,0.4
ACN,2023-07-12,1.3
ACN,2023-07-11,0.4
ACN,2023-07-10,0.9
ACN,2023-07-07,-0.7
ACN,2023-07-06,-0.6
ACN,2023-07-05,-0.3
ACN,2023-07-03,0.8
ACN,2023-06-30,0.1
ACN,2023-06-29,2.2
ACN,2023-06-28,0.3
ACN,2023-06-27,1.1
ACN,2023-06-26,-0.3
ACN,2023-06-23,-2.9
ACN,2023-06-22,-1.9
ACN,2023-06-21,-1.3
ACN,2023-06-20,-0.7
ACN,2023-06-16,-1.3
ACVA,2023-07-14,-2.3
ACVA,2023-07-13,-0.7
ACVA,2023-07-12,2.2
ACVA,2023-07-11,3.8
ACVA,2023-07-10,3.7
ACVA,2023-07-07,2.3
ACVA,2023-07-06,-3.5
ACVA,2023-07-05,-0.9
ACVA,2023-07-03,-3.6
ACVA,2023-06-30,-1.8
ACVA,2023-06-29,2.8
ACVA,2023-06-28,1.8
ACVA,2023-06-27,0.7
ACVA,2023-06-26,-2.8
ACVA,2023-06-23,-3.0
ACVA,2023-06-22,-0.7
ACVA,2023-06-21,-0.6
ACVA,2023-06-20,1.2
ACVA,2023-06-16,-1.0
ADBE,2023-07-14,-0.5
ADBE,2023-07-13,2.0
ADBE,2023-07-12,0.5
ADBE,2023-07-11,1.7
ADBE,2023-07-10,2.3
ADBE,2023-07-07,0.8
ADBE,2023-07-06,-1.2
ADBE,2023-07-05,0.4
ADBE,2023-07-03,-0.8
ADBE,2023-06-30,1.1
ADBE,2023-06-29,0.3
ADBE,2023-06-28,-1.4
ADBE,2023-06-27,2.0
ADBE,2023-06-26,-1.1
ADBE,2023-06-23,1.5
ADBE,2023-06-22,0.0
ADBE,2023-06-21,-1.7
ADBE,2023-06-20,-1.9
ADBE,2023-06-16,0.9
ADEA,2023-07-14,-2.5
ADEA,2023-07-13,3.2
ADEA,2023-07-12,0.8
ADEA,2023-07-11,1.0
ADEA,2023-07-10,2.8
ADEA,2023-07-07,1.0
ADEA,2023-07-06,0.2
ADEA,2023-07-05,-1.6
ADEA,2023-07-03,-0.5
ADEA,2023-06-30,0.6
ADEA,2023-06-29,3.7
ADEA,2023-06-28,0.9
ADEA,2023-06-27,1.3
ADEA,2023-06-26,-0.4
ADEA,2023-06-23,-1.8
ADEA,2023-06-22,-1.4
ADEA,2023-06-21,-0.6
ADEA,2023-06-20,1.2
ADEA,2023-06-16,0.0
ADI,2023-07-14,-3.2
ADI,2023-07-13,1.5
ADI,2023-07-12,2.3
ADI,2023-07-11,-0.1
ADI,2023-07-10,3.1
ADI,2023-07-07,-0.5
ADI,2023-07-06,-2.0
ADI,2023-07-05,-2.2
ADI,2023-07-03,-0.2
ADI,2023-06-30,2.8
ADI,2023-06-29,-0.2
ADI,2023-06-28,-1.3
ADI,2023-06-27,3.2
ADI,2023-06-26,0.2
ADI,2023-06-23,-0.1
ADI,2023-06-22,0.4
ADI,2023-06-21,-1.4
ADI,2023-06-20,-0.2
ADI,2023-06-16,-0.7
ADM,2023-07-14,-1.2
ADM,2023-07-13,0.6
ADM,2023-07-12,-2.2
ADM,2023-07-11,2.5
ADM,2023-07-10,0.7
ADM,2023-07-07,1.3
ADM,2023-07-06,-0.5
ADM,2023-07-05,0.9
ADM,2023-07-03,1.5
ADM,2023-06-30,1.3
ADM,2023-06-29,0.9
ADM,2023-06-28,0.1
ADM,2023-06-27,0.3
ADM,2023-06-26,1.0
ADM,2023-06-23,-0.2
ADM,2023-06-22,-0.5
ADM,2023-06-21,-0.8
ADM,2023-06-20,-1.9
ADM,2023-06-16,1.2
ADNT,2023-07-14,-1.0
ADNT,2023-07-13,-0.5
ADNT,2023-07-12,2.1
ADNT,2023-07-11,2.4
ADNT,2023-07-10,3.3
ADNT,2023-07-07,1.7
ADNT,2023-07-06,-0.1
ADNT,2023-07-05,-1.4
ADNT,2023-07-03,1.8
ADNT,2023-06-30,-0.4
ADNT,2023-06-29,1.8
ADNT,2023-06-28,1.2
ADNT,2023-06-27,2.6
ADNT,2023-06-26,0.9
ADNT,2023-06-23,-2.2
ADNT,2023-06-22,-1.7
ADNT,2023-06-21,-2.0
ADNT,2023-06-20,-2.0
ADNT,2023-06-16,-1.3
ADP,2023-07-14,1.0
ADP,2023-07-13,1.0
ADP,2023-07-12,-0.6
ADP,2023-07-11,0.9
ADP,2023-07-10,2.5
ADP,2023-07-07,-1.3
ADP,2023-07-06,0.9
ADP,2023-07-05,0.4
ADP,2023-07-03,-0.5
ADP,2023-06-30,1.5
ADP,2023-06-29,0.4
ADP,2023-06-28,0.0
ADP,2023-06-27,0.0
ADP,2023-06-26,0.8
ADP,2023-06-23,-3.0
ADP,2023-06-22,-0.1
ADP,2023-06-21,0.1
ADP,2023-06-20,-0.5
ADP,2023-06-16,0.2
ADPT,2023-07-03,-0.4
ADPT,2023-06-30,-1.6
ADPT,2023-06-29,-0.6
ADPT,2023-06-28,0.9
ADPT,2023-06-27,1.0
ADPT,2023-06-26,-3.0
ADPT,2023-06-23,-3.9
ADPT,2023-06-22,-7.8
ADPT,2023-06-21,-5.1
ADPT,2023-06-20,-1.7
ADPT,2023-06-16,-3.2
ADSK,2023-07-14,-1.1
ADSK,2023-07-13,0.6
ADSK,2023-07-12,1.5
ADSK,2023-07-11,2.3
ADSK,2023-07-10,2.9
ADSK,2023-07-07,0.3
ADSK,2023-07-06,-1.4
ADSK,2023-07-05,0.1
ADSK,2023-07-03,-0.4
ADSK,2023-06-30,-0.8
ADSK,2023-06-29,-0.1
ADSK,2023-06-28,-0.3
ADSK,2023-06-27,3.0
ADSK,2023-06-26,-0.6
ADSK,2023-06-23,-2.3
ADSK,2023-06-22,-0.6
ADSK,2023-06-21,-1.9
ADSK,2023-06-20,-0.7
ADSK,2023-06-16,-3.6
ADT,2023-07-14,-2.1
ADT,2023-07-13,3.0
ADT,2023-07-12,0.8
ADT,2023-07-11,-0.3
ADT,2023-07-10,2.3
ADT,2023-07-07,2.8
ADT,2023-07-06,-1.6
ADT,2023-07-05,-0.3
ADT,2023-07-03,2.0
ADT,2023-06-30,0.8
ADT,2023-06-29,1.7
ADT,2023-06-28,-0.2
ADT,2023-06-27,-1.0
ADT,2023-06-26,1.5
ADT,2023-06-23,-0.7
ADT,2023-06-22,-3.4
ADT,2023-06-21,1.5
ADT,2023-06-20,-6.2
ADT,2023-06-16,4.1
AEE,2023-07-14,0.3
AEE,2023-07-13,0.8
AEE,2023-07-12,1.4
AEE,2023-07-11,1.6
AEE,2023-07-10,-0.2
AEE,2023-07-07,-1.2
AEE,2023-07-06,-0.5
AEE,2023-07-05,1.1
AEE,2023-07-03,1.4
AEE,2023-06-30,0.8
AEE,2023-06-29,0.2
AEE,2023-06-28,-2.1
AEE,2023-06-27,0.7
AEE,2023-06-26,1.4
AEE,2023-06-23,-1.8
AEE,2023-06-22,-1.1
AEE,2023-06-21,0.4
AEE,2023-06-20,-1.4
AEE,2023-06-16,0.1
AEHR,2023-07-14,18.2
AEHR,2023-07-13,3.9
AEHR,2023-07-12,3.0
AEHR,2023-07-11,-2.7
AEHR,2023-07-10,1.7
AEHR,2023-07-07,2.4
AEHR,2023-07-06,-3.0
AEHR,2023-07-05,-11.0
AEHR,2023-07-03,7.2
AEHR,2023-06-30,3.0
AEHR,2023-06-29,1.2
AEHR,2023-06-28,-0.3
AEHR,2023-06-27,4.8
AEHR,2023-06-26,-5.2
AEHR,2023-06-23,-3.6
AEHR,2023-06-22,4.0
AEHR,2023-06-21,1.0
AEHR,2023-06-20,0.1
AEHR,2023-06-16,-6.7
AEL,2023-07-14,0.1
AEL,2023-07-13,0.6
AEL,2023-07-12,0.2
AEL,2023-07-11,0.0
AEL,2023-07-10,0.0
AEL,2023-07-07,0.3
AEL,2023-07-06,-0.1
AEL,2023-07-05,2.0
AEL,2023-07-03,-0.7
AEL,2023-06-30,-0.4
AEL,2023-06-29,-0.5
AEL,2023-06-28,-0.6
AEL,2023-06-27,17.2
AEL,2023-06-26,10.9
AEL,2023-06-23,-3.2
AEL,2023-06-22,0.9
AEL,2023-06-21,-0.1
AEL,2023-06-20,0.6
AEL,2023-06-16,-2.2
AEM,2023-07-14,-0.7
AEM,2023-07-13,0.5
AEM,2023-07-12,5.5
AEM,2023-07-11,1.0
AEM,2023-07-10,2.2
AEM,2023-07-07,0.4
AEM,2023-07-06,-2.2
AEM,2023-07-05,-2.4
AEM,2023-07-03,1.1
AEM,2023-06-30,1.5
AEM,2023-06-29,1.5
AEM,2023-06-28,-1.1
AEM,2023-06-27,-0.4
AEM,2023-06-26,0.2
AEM,2023-06-23,0.0
AEM,2023-06-22,-0.1
AEM,2023-06-21,0.9
AEM,2023-06-20,-4.5
AEM,2023-06-16,1.2
AEO,2023-07-14,0.0
AEO,2023-07-13,1.7
AEO,2023-07-12,-0.9
AEO,2023-07-11,2.8
AEO,2023-07-10,0.8
AEO,2023-07-07,-0.2
AEO,2023-07-06,-1.1
AEO,2023-07-05,-1.4
AEO,2023-07-03,3.4
AEO,2023-06-30,-0.5
AEO,2023-06-29,2.8
AEO,2023-06-28,-2.8
AEO,2023-06-27,1.7
AEO,2023-06-26,1.7
AEO,2023-06-23,-2.3
AEO,2023-06-22,0.8
AEO,2023-06-21,0.2
AEO,2023-06-20,-0.9
AEO,2023-06-16,-1.5
AEP,2023-07-14,-0.1
AEP,2023-07-13,0.0
AEP,2023-07-12,1.4
AEP,2023-07-11,2.0
AEP,2023-07-10,0.1
AEP,2023-07-07,-1.2
AEP,2023-07-06,-0.5
AEP,2023-07-05,0.6
AEP,2023-07-03,1.3
AEP,2023-06-30,1.1
AEP,2023-06-29,2.0
AEP,2023-06-28,-2.2
AEP,2023-06-27,-0.4
AEP,2023-06-26,0.3
AEP,2023-06-23,-1.9
AEP,2023-06-22,-0.4
AEP,2023-06-21,1.1
AEP,2023-06-20,-0.5
AEP,2023-06-16,0.1
AER,2023-07-14,-1.7
AER,2023-07-13,-0.4
AER,2023-07-12,1.5
AER,2023-07-11,1.3
AER,2023-07-10,1.3
AER,2023-07-07,1.1
AER,2023-07-06,-2.3
AER,2023-07-05,-0.2
AER,2023-07-03,0.3
AER,2023-06-30,2.0
AER,2023-06-29,0.3
AER,2023-06-28,-0.5
AER,2023-06-27,2.5
AER,2023-06-26,0.5
AER,2023-06-23,-1.8
AER,2023-06-22,1.1
AER,2023-06-21,0.1
AER,2023-06-20,-0.4
AER,2023-06-16,-0.7
AES,2023-07-14,-1.1
AES,2023-07-13,1.1
AES,2023-07-12,0.9
AES,2023-07-11,1.8
AES,2023-07-10,-0.3
AES,2023-07-07,-0.0
AES,2023-07-06,-1.6
AES,2023-07-05,1.8
AES,2023-07-03,1.6
AES,2023-06-30,1.5
AES,2023-06-29,1.1
AES,2023-06-28,-3.4
AES,2023-06-27,1.0
AES,2023-06-26,1.4
AES,2023-06-23,-2.3
AES,2023-06-22,-0.3
AES,2023-06-21,-0.1
AES,2023-06-20,-1.5
AES,2023-06-16,-0.7
AFL,2023-07-14,-0.5
AFL,2023-07-13,-0.4
AFL,2023-07-12,-0.4
AFL,2023-07-11,1.3
AFL,2023-07-10,-0.7
AFL,2023-07-07,0.6
AFL,2023-07-06,-0.4
AFL,2023-07-05,-0.4
AFL,2023-07-03,0.6
AFL,2023-06-30,1.0
AFL,2023-06-29,1.1
AFL,2023-06-28,-0.2
AFL,2023-06-27,1.4
AFL,2023-06-26,0.7
AFL,2023-06-23,-0.6
AFL,2023-06-22,0.0
AFL,2023-06-21,-0.4
AFL,2023-06-20,-2.3
AFL,2023-06-16,-0.5
AFRM,2023-07-14,-6.1
AFRM,2023-07-13,6.7
AFRM,2023-07-12,0.9
AFRM,2023-07-11,9.7
AFRM,2023-07-10,8.3
AFRM,2023-07-07,-1.0
AFRM,2023-07-06,-10.6
AFRM,2023-07-05,-4.3
AFRM,2023-07-03,5.2
AFRM,2023-06-30,-0.3
AFRM,2023-06-29,-0.6
AFRM,2023-06-28,1.8
AFRM,2023-06-27,2.4
AFRM,2023-06-26,0.2
AFRM,2023-06-23,-0.5
AFRM,2023-06-22,-3.9
AFRM,2023-06-21,-3.4
AFRM,2023-06-20,-3.7
AFRM,2023-06-16,-3.5
AG,2023-07-14,1.4
AG,2023-07-13,1.6
AG,2023-07-12,8.9
AG,2023-07-11,0.2
AG,2023-07-10,3.9
AG,2023-07-07,1.6
AG,2023-07-06,-3.0
AG,2023-07-05,-1.9
AG,2023-07-03,2.3
AG,2023-06-30,3.7
AG,2023-06-29,1.1
AG,2023-06-28,-0.7
AG,2023-06-27,-1.3
AG,2023-06-26,3.2
AG,2023-06-23,0.0
AG,2023-06-22,-0.4
AG,2023-06-21,-1.1
AG,2023-06-20,-2.9
AG,2023-06-16,-0.4
AGCO,2023-07-14,-0.1
AGCO,2023-07-13,1.0
AGCO,2023-07-12,-0.7
AGCO,2023-07-11,2.1
AGCO,2023-07-10,0.9
AGCO,2023-07-07,1.1
AGCO,2023-07-06,-0.5
AGCO,2023-07-05,-2.1
AGCO,2023-07-03,1.0
AGCO,2023-06-30,1.7
AGCO,2023-06-29,-1.0
AGCO,2023-06-28,-1.5
AGCO,2023-06-27,0.6
AGCO,2023-06-26,1.5
AGCO,2023-06-23,-2.9
AGCO,2023-06-22,-0.8
AGCO,2023-06-21,1.8
AGCO,2023-06-20,0.3
AGCO,2023-06-16,-0.0
AGI,2023-07-14,0.2
AGI,2023-07-13,-0.2
AGI,2023-07-12,6.4
AGI,2023-07-11,-0.4
AGI,2023-07-10,3.2
AGI,2023-07-07,0.5
AGI,2023-07-06,-1.3
AGI,2023-07-05,-3.7
AGI,2023-07-03,1.9
AGI,2023-06-30,1.6
AGI,2023-06-29,2.1
AGI,2023-06-28,-0.1
AGI,2023-06-27,-1.0
AGI,2023-06-26,-0.9
AGI,2023-06-23,0.3
AGI,2023-06-22,-0.5
AGI,2023-06-21,0.5
AGI,2023-06-20,-4.6
AGI,2023-06-16,0.8
AGIO,2023-07-07,-1.3
AGIO,2023-07-06,-1.6
AGIO,2023-07-05,-2.5
AGIO,2023-07-03,-0.5
AGIO,2023-06-30,3.2
AGIO,2023-06-29,-6.0
AGIO,2023-06-28,3.8
AGIO,2023-06-27,2.4
AGIO,2023-06-26,2.5
AGIO,2023-06-23,-0.5
AGIO,2023-06-22,-0.2
AGIO,2023-06-21,2.0
AGIO,2023-06-20,2.6
AGIO,2023-06-16,-0.1
AGL,2023-07-14,1.2
AGL,2023-07-13,-3.7
AGL,2023-07-12,-1.2
AGL,2023-07-11,0.4
AGL,2023-07-10,4.4
AGL,2023-07-07,-0.8
AGL,2023-07-06,-3.4
AGL,2023-07-05,2.2
AGL,2023-07-03,-2.6
AGL,2023-06-30,1.1
AGL,2023-06-29,-1.7
AGL,2023-06-28,4.3
AGL,2023-06-27,0.5
AGL,2023-06-26,-2.6
AGL,2023-06-23,2.1
AGL,2023-06-22,-1.9
AGL,2023-06-21,-0.9
AGL,2023-06-20,-0.7
AGL,2023-06-16,-7.2
AGR,2023-07-14,-0.9
AGR,2023-07-13,0.9
AGR,2023-07-12,2.2
AGR,2023-07-11,2.2
AGR,2023-07-10,-0.3
AGR,2023-07-07,-1.6
AGR,2023-07-06,-2.1
AGR,2023-07-05,0.5
AGR,2023-07-03,0.2
AGR,2023-06-30,0.6
AGR,2023-06-29,0.5
AGR,2023-06-28,-2.2
AGR,2023-06-27,1.0
AGR,2023-06-26,1.4
AGR,2023-06-23,-2.2
AGR,2023-06-22,-0.7
AGR,2023-06-21,1.0
AGR,2023-06-20,-2.0
AGR,2023-06-16,-0.2
AGRO,2023-07-14,-1.8
AGRO,2023-07-13,-0.2
AGRO,2023-07-12,0.1
AGRO,2023-07-11,1.7
AGRO,2023-07-10,-0.4
AGRO,2023-07-07,2.5
AGRO,2023-07-06,-3.0
AGRO,2023-07-05,1.9
AGRO,2023-07-03,1.3
AGRO,2023-06-30,1.3
AGRO,2023-06-29,1.4
AGRO,2023-06-28,-0.8
AGRO,2023-06-27,-5.3
AGRO,2023-06-26,-0.6
AGRO,2023-06-23,-0.8
AGRO,2023-06-22,-1.6
AGRO,2023-06-21,1.4
AGRO,2023-06-20,0.1
AGRO,2023-06-16,1.0
AHCO,2023-07-14,4.3
AHCO,2023-07-13,0.5
AHCO,2023-07-12,-0.5
AHCO,2023-07-11,1.7
AHCO,2023-07-10,2.7
AHCO,2023-07-07,2.5
AHCO,2023-07-06,0.2
AHCO,2023-07-05,-0.3
AHCO,2023-07-03,-1.6
AHCO,2023-06-30,1.7
AHCO,2023-06-29,3.1
AHCO,2023-06-28,2.9
AHCO,2023-06-27,19.6
AHCO,2023-06-26,-1.0
AHCO,2023-06-23,-3.5
AHCO,2023-06-22,-4.9
AHCO,2023-06-21,0.2
AHCO,2023-06-20,2.7
AHCO,2023-06-16,1.2
AI,2023-07-14,-6.1
AI,2023-07-13,-1.4
AI,2023-07-12,-3.0
AI,2023-07-11,1.6
AI,2023-07-10,3.9
AI,2023-07-07,0.4
AI,2023-07-06,-2.6
AI,2023-07-05,7.0
AI,2023-07-03,2.9
AI,2023-06-30,1.5
AI,2023-06-29,1.2
AI,2023-06-28,6.3
AI,2023-06-27,4.4
AI,2023-06-26,-4.3
AI,2023-06-23,-10.8
AI,2023-06-22,-4.1
AI,2023-06-21,-9.6
AI,2023-06-20,-2.9
AI,2023-06-16,-4.1
AIG,2023-07-14,-2.1
AIG,2023-07-13,0.4
AIG,2023-07-12,-0.2
